<?xml version="1.0" encoding="utf-8" ?>
<Defs>
<!--
  _   _                             _                 _   _                   _       __ 
 | \ | |                           (_)               | | (_)                 | |     / _|
 |  \| | _____      __   __ _ _ __  _ _ __ ___   __ _| |_ _  ___  _ __     __| | ___| |_ 
 | . ` |/ _ \ \ /\ / /  / _` | '_ \| | '_ ` _ \ / _` | __| |/ _ \| '_ \   / _` |/ _ \  _|
 | |\  |  __/\ V  V /  | (_| | | | | | | | | | | (_| | |_| | (_) | | | | | (_| |  __/ |  
 |_| \_|\___| \_/\_/    \__,_|_| |_|_|_| |_| |_|\__,_|\__|_|\___/|_| |_|  \__,_|\___|_|  
-->
  <Rimworld_Animations.AnimationDef>
    <defName>Helicopter</defName>
    <label>Helicopter</label>
    <sounds>true</sounds>
    <sexTypes>
      <li>Vaginal</li>
      <li>Anal</li>
	  <li>Oral</li>
    </sexTypes>
    <actors>
      <li>
        <defNames>
          <li>Human</li>
        </defNames>
		<controlGenitalAngle>true</controlGenitalAngle>
      </li>
      <li>
        <defNames>
          <li>Human</li>
        </defNames>
		<controlGenitalAngle>true</controlGenitalAngle>
        <initiator>true</initiator>
      </li>
    </actors>
	
	<animationStages>
    <li>
      <stageName>Start</stageName>
      <stageIndex>0</stageIndex>
      <playTimeTicks>101</playTimeTicks>
      <isLooping>true</isLooping>
      <animationClips>
        <li Class="Rimworld_Animations.PawnAnimationClip">
          <layer>Pawn</layer>
          <keyframes>
            <li>
              <bodyAngle>-0</bodyAngle>
              <headAngle>-0</headAngle>
              <headBob>-0.02121928</headBob>
              <bodyOffsetX>-4.80140638</bodyOffsetX>
              <bodyOffsetZ>0.00410209363</bodyOffsetZ>
              <headFacing>1</headFacing>
              <bodyFacing>1</bodyFacing>
              <tickDuration>100</tickDuration>
			  <genitalAngle>80</genitalAngle>
            </li>
            <li>
              <bodyAngle>-0</bodyAngle>
              <headAngle>-0</headAngle>
              <headBob>-0.0239144675</headBob>
              <bodyOffsetX>-0.345914155</bodyOffsetX>
              <bodyOffsetZ>0.007987104</bodyOffsetZ>
              <headFacing>1</headFacing>
              <bodyFacing>1</bodyFacing>
              <tickDuration>1</tickDuration>
			  <genitalAngle>80</genitalAngle>
            </li>
          </keyframes>
        </li>
        <li Class="Rimworld_Animations.PawnAnimationClip">
          <layer>Pawn</layer>
          <keyframes>
            <li>
              <bodyAngle>-0</bodyAngle>
              <headAngle>0.00189208984</headAngle>
              <headBob>-0.0156272426</headBob>
              <bodyOffsetX>4.16812038</bodyOffsetX>
              <bodyOffsetZ>-0.00123873958</bodyOffsetZ>
              <headFacing>3</headFacing>
              <bodyFacing>3</bodyFacing>
              <tickDuration>100</tickDuration>
			  <genitalAngle>-80</genitalAngle>
            </li>
            <li>
              <bodyAngle>-0</bodyAngle>
              <headAngle>0.00189208984</headAngle>
              <headBob>-0.009333537</headBob>
              <bodyOffsetX>0.448229164</bodyOffsetX>
              <bodyOffsetZ>-0.00123873958</bodyOffsetZ>
              <headFacing>3</headFacing>
              <bodyFacing>3</bodyFacing>
              <tickDuration>1</tickDuration>
			  <genitalAngle>-80</genitalAngle>
            </li>
          </keyframes>
        </li>
      </animationClips>
    </li>
    <li>
      <stageName>StartPart2</stageName>
      <stageIndex>0</stageIndex>
      <playTimeTicks>101</playTimeTicks>
      <isLooping>true</isLooping>
      <animationClips>
        <li Class="Rimworld_Animations.PawnAnimationClip">
          <layer>Pawn</layer>
          <keyframes>
            <li>
              <bodyAngle>-0</bodyAngle>
              <headAngle>-0</headAngle>
              <headBob>-0.0239144675</headBob>
              <bodyOffsetX>-0.345914155</bodyOffsetX>
              <bodyOffsetZ>0.007987104</bodyOffsetZ>
              <headFacing>1</headFacing>
              <bodyFacing>1</bodyFacing>
              <tickDuration>10</tickDuration>
			  <genitalAngle>80</genitalAngle>
            </li>
            <li>
              <bodyAngle>8.804535</bodyAngle>
              <headAngle>10.59491</headAngle>
              <headBob>-0.0172813088</headBob>
              <bodyOffsetX>-0.309041</bodyOffsetX>
              <bodyOffsetZ>-0.00123118749</bodyOffsetZ>
              <headFacing>1</headFacing>
              <bodyFacing>1</bodyFacing>
              <tickDuration>30</tickDuration>
			  <genitalAngle>30</genitalAngle>
            </li>
            <li>
              <bodyAngle>-0</bodyAngle>
              <headAngle>-0</headAngle>
              <headBob>-0.0239144675</headBob>
              <bodyOffsetX>-0.345914155</bodyOffsetX>
              <bodyOffsetZ>0.007987104</bodyOffsetZ>
              <headFacing>1</headFacing>
              <bodyFacing>1</bodyFacing>
              <tickDuration>49</tickDuration>
			  <genitalAngle>60</genitalAngle>
            </li>
            <li>
              <bodyAngle>-0</bodyAngle>
              <headAngle>-0</headAngle>
              <headBob>-0.0239144675</headBob>
              <bodyOffsetX>-0.345914155</bodyOffsetX>
              <bodyOffsetZ>0.007987104</bodyOffsetZ>
              <headFacing>1</headFacing>
              <bodyFacing>1</bodyFacing>
              <tickDuration>1</tickDuration>
			  <genitalAngle>60</genitalAngle>
            </li>
            <li>
              <bodyAngle>-0</bodyAngle>
              <headAngle>-0</headAngle>
              <headBob>-0.0239144675</headBob>
              <bodyOffsetX>-0.345914155</bodyOffsetX>
              <bodyOffsetZ>0.007987104</bodyOffsetZ>
              <headFacing>1</headFacing>
              <bodyFacing>1</bodyFacing>
              <tickDuration>9</tickDuration>
			  <genitalAngle>60</genitalAngle>
            </li>
            <li>
              <bodyAngle>-0</bodyAngle>
              <headAngle>-0</headAngle>
              <headBob>-0.0239144675</headBob>
              <bodyOffsetX>-0.345914155</bodyOffsetX>
              <bodyOffsetZ>0.007987104</bodyOffsetZ>
              <headFacing>1</headFacing>
              <bodyFacing>1</bodyFacing>
              <tickDuration>1</tickDuration>
			  <genitalAngle>60</genitalAngle>
            </li>
            <li>
              <bodyAngle>-0</bodyAngle>
              <headAngle>-0</headAngle>
              <headBob>-0.0239144675</headBob>
              <bodyOffsetX>-0.345914155</bodyOffsetX>
              <bodyOffsetZ>0.007987104</bodyOffsetZ>
              <headFacing>1</headFacing>
              <bodyFacing>1</bodyFacing>
              <tickDuration>1</tickDuration>
			  <genitalAngle>60</genitalAngle>
            </li>
          </keyframes>
        </li>
        <li Class="Rimworld_Animations.PawnAnimationClip">
          <layer>Pawn</layer>
          <keyframes>
            <li>
              <bodyAngle>-0</bodyAngle>
              <headAngle>0.00189208984</headAngle>
              <headBob>-0.009333537</headBob>
              <bodyOffsetX>0.448229164</bodyOffsetX>
              <bodyOffsetZ>-0.00123873958</bodyOffsetZ>
              <headFacing>3</headFacing>
              <bodyFacing>3</bodyFacing>
              <tickDuration>10</tickDuration>
			  <genitalAngle>-80</genitalAngle>
            </li>
            <li>
              <bodyAngle>-11.5958748</bodyAngle>
              <headAngle>-11.3128777</headAngle>
              <headBob>0.017908711</headBob>
              <bodyOffsetX>0.392919421</bodyOffsetX>
              <bodyOffsetZ>-0.0196753126</bodyOffsetZ>
              <headFacing>3</headFacing>
              <bodyFacing>3</bodyFacing>
              <tickDuration>30</tickDuration>
			  <genitalAngle>-30</genitalAngle>
            </li>
            <li>
              <bodyAngle>-0</bodyAngle>
              <headAngle>0.00189208984</headAngle>
              <headBob>-0.009333537</headBob>
              <bodyOffsetX>0.448229164</bodyOffsetX>
              <bodyOffsetZ>-0.00123873958</bodyOffsetZ>
              <headFacing>3</headFacing>
              <bodyFacing>3</bodyFacing>
              <tickDuration>49</tickDuration>
			  <genitalAngle>-60</genitalAngle>
            </li>
            <li>
              <bodyAngle>-0</bodyAngle>
              <headAngle>0.00189208984</headAngle>
              <headBob>0.0219374131</headBob>
              <bodyOffsetX>0.554441</bodyOffsetX>
              <bodyOffsetZ>-0.00123873958</bodyOffsetZ>
              <headFacing>3</headFacing>
              <bodyFacing>3</bodyFacing>
              <tickDuration>1</tickDuration>
			  <genitalAngle>-60</genitalAngle>
            </li>
            <li>
              <bodyAngle>-0</bodyAngle>
              <headAngle>0.00189208984</headAngle>
              <headBob>-0.00836002</headBob>
              <bodyOffsetX>0.5600311</bodyOffsetX>
              <bodyOffsetZ>-0.00123873958</bodyOffsetZ>
              <headFacing>3</headFacing>
              <bodyFacing>2</bodyFacing>
              <tickDuration>9</tickDuration>
			  <genitalAngle>180</genitalAngle>
            </li>
            <li>
              <bodyAngle>-0</bodyAngle>
              <headAngle>0.00189208984</headAngle>
              <headBob>-0.00836002</headBob>
              <bodyOffsetX>0.5600311</bodyOffsetX>
              <bodyOffsetZ>-0.00123873958</bodyOffsetZ>
              <headFacing>3</headFacing>
              <bodyFacing>2</bodyFacing>
              <tickDuration>1</tickDuration>
			  <genitalAngle>180</genitalAngle>
            </li>
            <li>
              <bodyAngle>-0</bodyAngle>
              <headAngle>0.00189208984</headAngle>
              <headBob>-0.00836002</headBob>
              <bodyOffsetX>0.5600311</bodyOffsetX>
              <bodyOffsetZ>-0.00123873958</bodyOffsetZ>
              <headFacing>2</headFacing>
              <bodyFacing>2</bodyFacing>
              <tickDuration>1</tickDuration>
			  <genitalAngle>180</genitalAngle>
            </li>
          </keyframes>
        </li>
      </animationClips>
    </li>
    <li>
      <stageName>SpinupLoop</stageName>
      <stageIndex>0</stageIndex>
      <playTimeTicks>303</playTimeTicks>
      <isLooping>true</isLooping>
      <animationClips>
        <li Class="Rimworld_Animations.PawnAnimationClip">
          <layer>Pawn</layer>
          <keyframes>
            <li>
              <bodyAngle>-0</bodyAngle>
              <headAngle>-0</headAngle>
              <headBob>-0.0239144675</headBob>
              <bodyOffsetX>-0.345914155</bodyOffsetX>
              <bodyOffsetZ>0.007987104</bodyOffsetZ>
              <headFacing>1</headFacing>
              <bodyFacing>1</bodyFacing>
              <tickDuration>20</tickDuration>
			  <genitalAngle>60</genitalAngle>
            </li>
            <li>
              <bodyAngle>-0</bodyAngle>
              <headAngle>15.9015808</headAngle>
              <headBob>-0.0239144675</headBob>
              <bodyOffsetX>-0.345914155</bodyOffsetX>
              <bodyOffsetZ>0.007987104</bodyOffsetZ>
              <headFacing>1</headFacing>
              <bodyFacing>1</bodyFacing>
              <tickDuration>20</tickDuration>
			  <genitalAngle>60</genitalAngle>
            </li>
            <li>
              <bodyAngle>-0</bodyAngle>
              <headAngle>11.926178</headAngle>
              <headBob>-0.0239144675</headBob>
              <bodyOffsetX>-0.345914155</bodyOffsetX>
              <bodyOffsetZ>0.007987104</bodyOffsetZ>
              <headFacing>1</headFacing>
              <bodyFacing>1</bodyFacing>
              <tickDuration>20</tickDuration>
			  <genitalAngle>60</genitalAngle>
            </li>
            <li>
              <bodyAngle>-0</bodyAngle>
              <headAngle>24.1610718</headAngle>
              <headBob>-0.0239144675</headBob>
              <bodyOffsetX>-0.345914155</bodyOffsetX>
              <bodyOffsetZ>0.007987104</bodyOffsetZ>
              <headFacing>1</headFacing>
              <bodyFacing>1</bodyFacing>
              <tickDuration>20</tickDuration>
			  <genitalAngle>60</genitalAngle>
            </li>
            <li>
              <bodyAngle>-0</bodyAngle>
              <headAngle>18.8970947</headAngle>
              <headBob>-0.0239144675</headBob>
              <bodyOffsetX>-0.345914155</bodyOffsetX>
              <bodyOffsetZ>0.007987104</bodyOffsetZ>
              <headFacing>1</headFacing>
              <bodyFacing>1</bodyFacing>
              <tickDuration>20</tickDuration>
			  <genitalAngle>60</genitalAngle>
            </li>
            <li>
              <bodyAngle>-0</bodyAngle>
              <headAngle>-0</headAngle>
              <headBob>-0.0239144675</headBob>
              <bodyOffsetX>-0.345914155</bodyOffsetX>
              <bodyOffsetZ>0.007987104</bodyOffsetZ>
              <headFacing>1</headFacing>
              <bodyFacing>1</bodyFacing>
              <tickDuration>1</tickDuration>
			  <genitalAngle>60</genitalAngle>
            </li>
          </keyframes>
        </li>
        <li Class="Rimworld_Animations.PawnAnimationClip">
          <layer>Pawn</layer>
          <keyframes>
            <li>
              <bodyAngle>-0</bodyAngle>
              <headAngle>0.00189208984</headAngle>
              <headBob>-0.00836002</headBob>
              <bodyOffsetX>0.5600311</bodyOffsetX>
              <bodyOffsetZ>-0.00123873958</bodyOffsetZ>
              <headFacing>2</headFacing>
              <bodyFacing>2</bodyFacing>
              <tickDuration>20</tickDuration>
			  <genitalAngle>180</genitalAngle>
            </li>
            <li>
              <bodyAngle>-0</bodyAngle>
              <headAngle>0.00189208984</headAngle>
              <headBob>-0.00836002</headBob>
              <bodyOffsetX>0.5600311</bodyOffsetX>
              <bodyOffsetZ>-0.00123873958</bodyOffsetZ>
              <headFacing>2</headFacing>
              <bodyFacing>2</bodyFacing>
              <tickDuration>20</tickDuration>
			  <genitalAngle>360</genitalAngle>
            </li>
            <li>
              <bodyAngle>-0</bodyAngle>
              <headAngle>0.00189208984</headAngle>
              <headBob>-0.00836002</headBob>
              <bodyOffsetX>0.5600311</bodyOffsetX>
              <bodyOffsetZ>-0.00123873958</bodyOffsetZ>
              <headFacing>2</headFacing>
              <bodyFacing>2</bodyFacing>
              <tickDuration>20</tickDuration>
			  <genitalAngle>540</genitalAngle>
            </li>
            <li>
              <bodyAngle>-0</bodyAngle>
              <headAngle>0.00189208984</headAngle>
              <headBob>-0.00836002</headBob>
              <bodyOffsetX>0.5600311</bodyOffsetX>
              <bodyOffsetZ>-0.00123873958</bodyOffsetZ>
              <headFacing>2</headFacing>
              <bodyFacing>2</bodyFacing>
              <tickDuration>20</tickDuration>
			  <genitalAngle>720</genitalAngle>
            </li>
            <li>
              <bodyAngle>-0</bodyAngle>
              <headAngle>0.00189208984</headAngle>
              <headBob>-0.00836002</headBob>
              <bodyOffsetX>0.5600311</bodyOffsetX>
              <bodyOffsetZ>-0.00123873958</bodyOffsetZ>
              <headFacing>2</headFacing>
              <bodyFacing>2</bodyFacing>
              <tickDuration>20</tickDuration>
			  <genitalAngle>900</genitalAngle>
            </li>
            <li>
              <bodyAngle>-0</bodyAngle>
              <headAngle>0.00189208984</headAngle>
              <headBob>-0.00836002</headBob>
              <bodyOffsetX>0.5600311</bodyOffsetX>
              <bodyOffsetZ>-0.00123873958</bodyOffsetZ>
              <headFacing>2</headFacing>
              <bodyFacing>2</bodyFacing>
              <tickDuration>1</tickDuration>
			  <genitalAngle>1080</genitalAngle>
            </li>
          </keyframes>
        </li>
      </animationClips>
    </li>
    <li>
      <stageName>MaleFly</stageName>
      <stageIndex>0</stageIndex>
      <playTimeTicks>101</playTimeTicks>
      <isLooping>true</isLooping>
      <animationClips>
        <li Class="Rimworld_Animations.PawnAnimationClip">
          <layer>Pawn</layer>
          <keyframes>
            <li>
              <bodyAngle>-0</bodyAngle>
              <headAngle>-0</headAngle>
              <headBob>-0.0239144675</headBob>
              <bodyOffsetX>-0.345914155</bodyOffsetX>
              <bodyOffsetZ>0.007987104</bodyOffsetZ>
              <headFacing>1</headFacing>
              <bodyFacing>1</bodyFacing>
              <tickDuration>20</tickDuration>
			  <genitalAngle>60</genitalAngle>
            </li>
            <li>
              <bodyAngle>-5.08118</bodyAngle>
              <headAngle>-21.1478138</headAngle>
              <headBob>-0.0263185613</headBob>
              <bodyOffsetX>-0.369723678</bodyOffsetX>
              <bodyOffsetZ>0.007987104</bodyOffsetZ>
              <headFacing>1</headFacing>
              <bodyFacing>1</bodyFacing>
              <tickDuration>20</tickDuration>
			  <genitalAngle>70</genitalAngle>
            </li>
            <li>
              <bodyAngle>-13.1333094</bodyAngle>
              <headAngle>-42.0712</headAngle>
              <headBob>-0.0162469614</headBob>
              <bodyOffsetX>-0.387580842</bodyOffsetX>
              <bodyOffsetZ>-0.00391765637</bodyOffsetZ>
              <headFacing>1</headFacing>
              <bodyFacing>1</bodyFacing>
              <tickDuration>20</tickDuration>
			  <genitalAngle>80</genitalAngle>
            </li>
            <li>
              <bodyAngle>-14.2930107</bodyAngle>
              <headAngle>-60.016468</headAngle>
              <headBob>-0.026970556</headBob>
              <bodyOffsetX>-0.4292475</bodyOffsetX>
              <bodyOffsetZ>0.0139394784</bodyOffsetZ>
              <headFacing>1</headFacing>
              <bodyFacing>1</bodyFacing>
              <tickDuration>20</tickDuration>
			  <genitalAngle>80</genitalAngle>
            </li>
            <li>
              <bodyAngle>-14.2930107</bodyAngle>
              <headAngle>-60.016468</headAngle>
              <headBob>-0.026970556</headBob>
              <bodyOffsetX>-0.4292475</bodyOffsetX>
              <bodyOffsetZ>0.0139394784</bodyOffsetZ>
              <headFacing>1</headFacing>
              <bodyFacing>1</bodyFacing>
              <tickDuration>20</tickDuration>
			  <genitalAngle>80</genitalAngle>
            </li>
            <li>
              <bodyAngle>-0</bodyAngle>
              <headAngle>-0</headAngle>
              <headBob>-0.0239144675</headBob>
              <bodyOffsetX>-0.345914155</bodyOffsetX>
              <bodyOffsetZ>0.007987104</bodyOffsetZ>
              <headFacing>1</headFacing>
              <bodyFacing>1</bodyFacing>
              <tickDuration>1</tickDuration>
			  <genitalAngle>60</genitalAngle>
            </li>
          </keyframes>
        </li>
        <li Class="Rimworld_Animations.PawnAnimationClip">
          <layer>Pawn</layer>
          <keyframes>
            <li>
              <bodyAngle>-0</bodyAngle>
              <headAngle>0.00189208984</headAngle>
              <headBob>-0.00836002</headBob>
              <bodyOffsetX>0.5600311</bodyOffsetX>
              <bodyOffsetZ>-0.00123873958</bodyOffsetZ>
              <headFacing>2</headFacing>
              <bodyFacing>2</bodyFacing>
              <tickDuration>20</tickDuration>
			  <genitalAngle>180</genitalAngle>
            </li>
            <li>
              <bodyAngle>7.99160767</bodyAngle>
              <headAngle>5.20587158</headAngle>
              <headBob>-0.00340421521</headBob>
              <bodyOffsetX>0.443959683</bodyOffsetX>
              <bodyOffsetZ>0.442213655</bodyOffsetZ>
              <headFacing>2</headFacing>
              <bodyFacing>2</bodyFacing>
              <tickDuration>20</tickDuration>
			  <genitalAngle>1080</genitalAngle>
            </li>
            <li>
              <bodyAngle>-9.836213</bodyAngle>
              <headAngle>-8.39681</headAngle>
              <headBob>-0.012017142</headBob>
              <bodyOffsetX>0.4275906</bodyOffsetX>
              <bodyOffsetZ>0.716023147</bodyOffsetZ>
              <headFacing>2</headFacing>
              <bodyFacing>2</bodyFacing>
              <tickDuration>20</tickDuration>
			  <genitalAngle>2160</genitalAngle>
            </li>
            <li>
              <bodyAngle>-14.7543192</bodyAngle>
              <headAngle>-12.5961647</headAngle>
              <headBob>-0.0102561191</headBob>
              <bodyOffsetX>0.208840609</bodyOffsetX>
              <bodyOffsetZ>2.10888028</bodyOffsetZ>
              <headFacing>2</headFacing>
              <bodyFacing>2</bodyFacing>
              <tickDuration>20</tickDuration>
			  <genitalAngle>3240</genitalAngle>
            </li>
            <li>
              <bodyAngle>-19.6724262</bodyAngle>
              <headAngle>-16.79552</headAngle>
              <headBob>-0.00712357974</headBob>
              <bodyOffsetX>-0.009909396</bodyOffsetX>
              <bodyOffsetZ>3.50173759</bodyOffsetZ>
              <headFacing>2</headFacing>
              <bodyFacing>2</bodyFacing>
              <tickDuration>20</tickDuration>
			  <genitalAngle>4320</genitalAngle>
            </li>
            <li>
              <bodyAngle>-24.5905323</bodyAngle>
              <headAngle>-20.994875</headAngle>
              <headBob>-0.00265808823</headBob>
              <bodyOffsetX>-0.228659391</bodyOffsetX>
              <bodyOffsetZ>4.89459467</bodyOffsetZ>
              <headFacing>2</headFacing>
              <bodyFacing>2</bodyFacing>
              <tickDuration>1</tickDuration>
			  <genitalAngle>5400</genitalAngle>
            </li>
          </keyframes>
        </li>
      </animationClips>
    </li>
    <li>
      <stageName>FutaFly</stageName>
      <stageIndex>0</stageIndex>
      <playTimeTicks>101</playTimeTicks>
      <isLooping>true</isLooping>
      <animationClips>
        <li Class="Rimworld_Animations.PawnAnimationClip">
          <layer>Pawn</layer>
          <keyframes>
            <li>
              <bodyAngle>-0</bodyAngle>
              <headAngle>-0</headAngle>
              <headBob>-0.0239144675</headBob>
              <bodyOffsetX>-0.345914155</bodyOffsetX>
              <bodyOffsetZ>0.007987104</bodyOffsetZ>
              <headFacing>1</headFacing>
              <bodyFacing>1</bodyFacing>
              <tickDuration>19</tickDuration>
			  <genitalAngle>60</genitalAngle>
            </li>
            <li>
              <bodyAngle>-0</bodyAngle>
              <headAngle>-0</headAngle>
              <headBob>-0.0239144675</headBob>
              <bodyOffsetX>-0.345914155</bodyOffsetX>
              <bodyOffsetZ>0.007987104</bodyOffsetZ>
              <headFacing>1</headFacing>
              <bodyFacing>1</bodyFacing>
              <tickDuration>1</tickDuration>
			  <genitalAngle>60</genitalAngle>
            </li>
            <li>
              <bodyAngle>-0</bodyAngle>
              <headAngle>-0</headAngle>
              <headBob>-0.0239144675</headBob>
              <bodyOffsetX>-0.345914155</bodyOffsetX>
              <bodyOffsetZ>0.007987104</bodyOffsetZ>
              <headFacing>1</headFacing>
              <bodyFacing>2</bodyFacing>
              <tickDuration>9</tickDuration>
			  <genitalAngle>180</genitalAngle>
            </li>
            <li>
              <bodyAngle>-0</bodyAngle>
              <headAngle>-0</headAngle>
              <headBob>-0.0239144675</headBob>
              <bodyOffsetX>-0.345914155</bodyOffsetX>
              <bodyOffsetZ>0.007987104</bodyOffsetZ>
              <headFacing>1</headFacing>
              <bodyFacing>2</bodyFacing>
              <tickDuration>1</tickDuration>
			  <genitalAngle>180</genitalAngle>
            </li>
            <li>
              <bodyAngle>-0</bodyAngle>
              <headAngle>-0</headAngle>
              <headBob>-0.0137491981</headBob>
              <bodyOffsetX>-0.345914155</bodyOffsetX>
              <bodyOffsetZ>0.007987104</bodyOffsetZ>
              <headFacing>2</headFacing>
              <bodyFacing>2</bodyFacing>
              <tickDuration>10</tickDuration>
			  <genitalAngle>180</genitalAngle>
            </li>
            <li>
              <bodyAngle>-0</bodyAngle>
              <headAngle>-0</headAngle>
              <headBob>-0.0137491981</headBob>
              <bodyOffsetX>-0.345914155</bodyOffsetX>
              <bodyOffsetZ>0.007987104</bodyOffsetZ>
              <headFacing>2</headFacing>
              <bodyFacing>2</bodyFacing>
              <tickDuration>20</tickDuration>
			  <genitalAngle>540</genitalAngle>
            </li>
            <li>
              <bodyAngle>-11.9111195</bodyAngle>
              <headAngle>-11.8317633</headAngle>
              <headBob>-0.0167464558</headBob>
              <bodyOffsetX>-0.3116488</bodyOffsetX>
              <bodyOffsetZ>0.8988862</bodyOffsetZ>
              <headFacing>2</headFacing>
              <bodyFacing>2</bodyFacing>
              <tickDuration>20</tickDuration>
			  <genitalAngle>1080</genitalAngle>
            </li>
            <li>
              <bodyAngle>-5.250419</bodyAngle>
              <headAngle>-3.777679</headAngle>
              <headBob>-0.00580402464</headBob>
              <bodyOffsetX>-0.6513227</bodyOffsetX>
              <bodyOffsetZ>2.83880162</bodyOffsetZ>
              <headFacing>2</headFacing>
              <bodyFacing>2</bodyFacing>
              <tickDuration>20</tickDuration>
			  <genitalAngle>2160</genitalAngle>
            </li>
            <li>
              <bodyAngle>1.41027832</bodyAngle>
              <headAngle>4.27639771</headAngle>
              <headBob>0.009550654</headBob>
              <bodyOffsetX>-0.9909966</bodyOffsetX>
              <bodyOffsetZ>4.778717</bodyOffsetZ>
              <headFacing>2</headFacing>
              <bodyFacing>2</bodyFacing>
              <tickDuration>1</tickDuration>
			  <genitalAngle>3240</genitalAngle>
            </li>
          </keyframes>
        </li>
        <li Class="Rimworld_Animations.PawnAnimationClip">
          <layer>Pawn</layer>
          <keyframes>
            <li>
              <bodyAngle>-24.5905323</bodyAngle>
              <headAngle>-20.994875</headAngle>
              <headBob>-0.00265808823</headBob>
              <bodyOffsetX>-0.228659391</bodyOffsetX>
              <bodyOffsetZ>4.89459467</bodyOffsetZ>
              <headFacing>2</headFacing>
              <bodyFacing>2</bodyFacing>
              <tickDuration>19</tickDuration>
			  <genitalAngle>0</genitalAngle>
            </li>
            <li>
              <bodyAngle>-24.5905323</bodyAngle>
              <headAngle>-20.994875</headAngle>
              <headBob>-0.00265808823</headBob>
              <bodyOffsetX>-0.228659391</bodyOffsetX>
              <bodyOffsetZ>4.89459467</bodyOffsetZ>
              <headFacing>2</headFacing>
              <bodyFacing>2</bodyFacing>
              <tickDuration>1</tickDuration>
			  <genitalAngle>0</genitalAngle>
            </li>
            <li>
              <bodyAngle>-24.5905323</bodyAngle>
              <headAngle>-20.994875</headAngle>
              <headBob>-0.00265808823</headBob>
              <bodyOffsetX>-0.228659391</bodyOffsetX>
              <bodyOffsetZ>4.89459467</bodyOffsetZ>
              <headFacing>2</headFacing>
              <bodyFacing>2</bodyFacing>
              <tickDuration>9</tickDuration>
			  <genitalAngle>0</genitalAngle>
            </li>
            <li>
              <bodyAngle>-24.5905323</bodyAngle>
              <headAngle>-20.994875</headAngle>
              <headBob>-0.00265808823</headBob>
              <bodyOffsetX>-0.228659391</bodyOffsetX>
              <bodyOffsetZ>4.89459467</bodyOffsetZ>
              <headFacing>2</headFacing>
              <bodyFacing>2</bodyFacing>
              <tickDuration>1</tickDuration>
			  <genitalAngle>0</genitalAngle>
            </li>
            <li>
              <bodyAngle>-24.5905323</bodyAngle>
              <headAngle>-20.994875</headAngle>
              <headBob>-0.00265808823</headBob>
              <bodyOffsetX>-0.228659391</bodyOffsetX>
              <bodyOffsetZ>4.89459467</bodyOffsetZ>
              <headFacing>2</headFacing>
              <bodyFacing>2</bodyFacing>
              <tickDuration>10</tickDuration>
			  <genitalAngle>0</genitalAngle>
            </li>
            <li>
              <bodyAngle>-24.5905323</bodyAngle>
              <headAngle>-20.994875</headAngle>
              <headBob>-0.00265808823</headBob>
              <bodyOffsetX>-0.228659391</bodyOffsetX>
              <bodyOffsetZ>4.89459467</bodyOffsetZ>
              <headFacing>2</headFacing>
              <bodyFacing>2</bodyFacing>
              <tickDuration>20</tickDuration>
			  <genitalAngle>0</genitalAngle>
            </li>
            <li>
              <bodyAngle>-24.5905323</bodyAngle>
              <headAngle>-20.994875</headAngle>
              <headBob>-0.00265808823</headBob>
              <bodyOffsetX>-0.228659391</bodyOffsetX>
              <bodyOffsetZ>4.89459467</bodyOffsetZ>
              <headFacing>2</headFacing>
              <bodyFacing>2</bodyFacing>
              <tickDuration>20</tickDuration>
			  <genitalAngle>0</genitalAngle>
            </li>
            <li>
              <bodyAngle>-24.5905323</bodyAngle>
              <headAngle>-20.994875</headAngle>
              <headBob>-0.00265808823</headBob>
              <bodyOffsetX>-0.228659391</bodyOffsetX>
              <bodyOffsetZ>4.89459467</bodyOffsetZ>
              <headFacing>2</headFacing>
              <bodyFacing>2</bodyFacing>
              <tickDuration>20</tickDuration>
			  <genitalAngle>0</genitalAngle>
            </li>
            <li>
              <bodyAngle>-24.5905323</bodyAngle>
              <headAngle>-20.994875</headAngle>
              <headBob>-0.00265808823</headBob>
              <bodyOffsetX>-0.228659391</bodyOffsetX>
              <bodyOffsetZ>4.89459467</bodyOffsetZ>
              <headFacing>2</headFacing>
              <bodyFacing>2</bodyFacing>
              <tickDuration>1</tickDuration>
			  <genitalAngle>0</genitalAngle>
            </li>
          </keyframes>
        </li>
      </animationClips>
    </li>
  </animationStages>
</Rimworld_Animations.AnimationDef>
   
<!--
  _   _                             _                 _   _                   _       __ 
 | \ | |                           (_)               | | (_)                 | |     / _|
 |  \| | _____      __   __ _ _ __  _ _ __ ___   __ _| |_ _  ___  _ __     __| | ___| |_ 
 | . ` |/ _ \ \ /\ / /  / _` | '_ \| | '_ ` _ \ / _` | __| |/ _ \| '_ \   / _` |/ _ \  _|
 | |\  |  __/\ V  V /  | (_| | | | | | | | | | | (_| | |_| | (_) | | | | | (_| |  __/ |  
 |_| \_|\___| \_/\_/    \__,_|_| |_|_|_| |_| |_|\__,_|\__|_|\___/|_| |_|  \__,_|\___|_|  
-->
</Defs>
