<?xml version="1.0" encoding="utf-8" ?>
<Defs>
<!--
  _   _                             _                 _   _                   _       __ 
 | \ | |                           (_)               | | (_)                 | |     / _|
 |  \| | _____      __   __ _ _ __  _ _ __ ___   __ _| |_ _  ___  _ __     __| | ___| |_ 
 | . ` |/ _ \ \ /\ / /  / _` | '_ \| | '_ ` _ \ / _` | __| |/ _ \| '_ \   / _` |/ _ \  _|
 | |\  |  __/\ V  V /  | (_| | | | | | | | | | | (_| | |_| | (_) | | | | | (_| |  __/ |  
 |_| \_|\___| \_/\_/    \__,_|_| |_|_|_| |_| |_|\__,_|\__|_|\___/|_| |_|  \__,_|\___|_|  
-->
  <Rimworld_Animations.AnimationDef>
    <defName>Makeout</defName>
    <label>Makeout</label>
    <sounds>true</sounds>
    <sexTypes>
      <li>Vaginal</li>
      <li>Anal</li>
	  <li>Oral</li>
    </sexTypes>
    <actors>
      <li>
        <defNames>
          <li>Human</li>
        </defNames>
      </li>
      <li>
        <defNames>
          <li>Human</li>
        </defNames>
        <initiator>true</initiator>
      </li>
    </actors>
	
	<animationStages>
    <li>
      <stageName>Start</stageName>
      <stageIndex>0</stageIndex>
      <playTimeTicks>401</playTimeTicks>
      <isLooping>true</isLooping>
      <animationClips>
        <li Class="Rimworld_Animations.PawnAnimationClip">
          <layer>LayingPawn</layer>
          <keyframes>
            <li>
              <bodyAngle>-0</bodyAngle>
              <headAngle>-0</headAngle>
              <headBob>-0.0260274541</headBob>
              <bodyOffsetX>-0.24052465</bodyOffsetX>
              <bodyOffsetZ>-0.0364269875</bodyOffsetZ>
              <headFacing>1</headFacing>
              <bodyFacing>1</bodyFacing>
              <tickDuration>40</tickDuration>
            </li>
            <li>
              <bodyAngle>-0</bodyAngle>
              <headAngle>-11.02274</headAngle>
              <headBob>-0.0260274541</headBob>
              <bodyOffsetX>-0.24052465</bodyOffsetX>
              <bodyOffsetZ>-0.0364269875</bodyOffsetZ>
              <headFacing>1</headFacing>
              <bodyFacing>1</bodyFacing>
              <tickDuration>40</tickDuration>
            </li>
            <li>
              <bodyAngle>-0</bodyAngle>
              <headAngle>2.98733521</headAngle>
              <headBob>-0.0260274541</headBob>
              <bodyOffsetX>-0.24052465</bodyOffsetX>
              <bodyOffsetZ>-0.0364269875</bodyOffsetZ>
              <headFacing>2</headFacing>
              <bodyFacing>1</bodyFacing>
              <tickDuration>40</tickDuration>
            </li>
            <li>
              <bodyAngle>-0</bodyAngle>
              <headAngle>11.1879883</headAngle>
              <headBob>-0.0260274541</headBob>
              <bodyOffsetX>-0.24052465</bodyOffsetX>
              <bodyOffsetZ>-0.0364269875</bodyOffsetZ>
              <headFacing>2</headFacing>
              <bodyFacing>1</bodyFacing>
              <tickDuration>40</tickDuration>
            </li>
            <li>
              <bodyAngle>-0</bodyAngle>
              <headAngle>11.1879883</headAngle>
              <headBob>-0.0260274541</headBob>
              <bodyOffsetX>-0.24052465</bodyOffsetX>
              <bodyOffsetZ>-0.0364269875</bodyOffsetZ>
              <headFacing>2</headFacing>
              <bodyFacing>1</bodyFacing>
              <tickDuration>40</tickDuration>
            </li>
            <li>
              <bodyAngle>-0</bodyAngle>
              <headAngle>6.21554565</headAngle>
              <headBob>-0.0260274541</headBob>
              <bodyOffsetX>-0.24052465</bodyOffsetX>
              <bodyOffsetZ>-0.0364269875</bodyOffsetZ>
              <headFacing>1</headFacing>
              <bodyFacing>1</bodyFacing>
              <tickDuration>40</tickDuration>
            </li>
            <li>
              <bodyAngle>-0</bodyAngle>
              <headAngle>-7.324426</headAngle>
              <headBob>-0.0260274541</headBob>
              <bodyOffsetX>-0.24052465</bodyOffsetX>
              <bodyOffsetZ>-0.0364269875</bodyOffsetZ>
              <headFacing>1</headFacing>
              <bodyFacing>1</bodyFacing>
              <tickDuration>60</tickDuration>
            </li>
            <li>
              <bodyAngle>-0</bodyAngle>
              <headAngle>-0</headAngle>
              <headBob>-0.0260274541</headBob>
              <bodyOffsetX>-0.24052465</bodyOffsetX>
              <bodyOffsetZ>-0.0364269875</bodyOffsetZ>
              <headFacing>1</headFacing>
              <bodyFacing>1</bodyFacing>
              <tickDuration>60</tickDuration>
            </li>
            <li>
              <bodyAngle>-0</bodyAngle>
              <headAngle>12.0620422</headAngle>
              <headBob>-0.03165916</headBob>
              <bodyOffsetX>-0.24052465</bodyOffsetX>
              <bodyOffsetZ>-0.0364269875</bodyOffsetZ>
              <headFacing>1</headFacing>
              <bodyFacing>1</bodyFacing>
              <tickDuration>40</tickDuration>
            </li>
            <li>
              <bodyAngle>-2.944619</bodyAngle>
              <headAngle>-9.630737</headAngle>
              <headBob>-0.0299702063</headBob>
              <bodyOffsetX>-0.219330385</bodyOffsetX>
              <bodyOffsetZ>-0.0280078556</bodyOffsetZ>
              <headFacing>1</headFacing>
              <bodyFacing>1</bodyFacing>
              <tickDuration>1</tickDuration>
            </li>
          </keyframes>
        </li>
        <li Class="Rimworld_Animations.PawnAnimationClip">
          <layer>Pawn</layer>
          <keyframes>
            <li>
              <bodyAngle>-0</bodyAngle>
              <headAngle>-9.663996</headAngle>
              <headBob>-0.004835519</headBob>
              <bodyOffsetX>0.444207281</bodyOffsetX>
              <bodyOffsetZ>-0.0655888</bodyOffsetZ>
              <headFacing>3</headFacing>
              <bodyFacing>3</bodyFacing>
              <tickDuration>40</tickDuration>
            </li>
            <li>
              <bodyAngle>-0</bodyAngle>
              <headAngle>0.896606445</headAngle>
              <headBob>0.000397705939</headBob>
              <bodyOffsetX>0.444207281</bodyOffsetX>
              <bodyOffsetZ>-0.0655888</bodyOffsetZ>
              <headFacing>3</headFacing>
              <bodyFacing>3</bodyFacing>
              <tickDuration>40</tickDuration>
            </li>
            <li>
              <bodyAngle>-0</bodyAngle>
              <headAngle>-9.858442</headAngle>
              <headBob>-0.000407399028</headBob>
              <bodyOffsetX>0.444207281</bodyOffsetX>
              <bodyOffsetZ>-0.0655888</bodyOffsetZ>
              <headFacing>3</headFacing>
              <bodyFacing>3</bodyFacing>
              <tickDuration>40</tickDuration>
            </li>
            <li>
              <bodyAngle>-0</bodyAngle>
              <headAngle>-9.858442</headAngle>
              <headBob>-0.000407399028</headBob>
              <bodyOffsetX>0.444207281</bodyOffsetX>
              <bodyOffsetZ>-0.0655888</bodyOffsetZ>
              <headFacing>3</headFacing>
              <bodyFacing>3</bodyFacing>
              <tickDuration>40</tickDuration>
            </li>
            <li>
              <bodyAngle>-0</bodyAngle>
              <headAngle>-0.751777</headAngle>
              <headBob>-0.002017626</headBob>
              <bodyOffsetX>0.444207281</bodyOffsetX>
              <bodyOffsetZ>-0.0655888</bodyOffsetZ>
              <headFacing>3</headFacing>
              <bodyFacing>3</bodyFacing>
              <tickDuration>40</tickDuration>
            </li>
            <li>
              <bodyAngle>-0</bodyAngle>
              <headAngle>-0.751777</headAngle>
              <headBob>-0.002017626</headBob>
              <bodyOffsetX>0.444207281</bodyOffsetX>
              <bodyOffsetZ>-0.0655888</bodyOffsetZ>
              <headFacing>3</headFacing>
              <bodyFacing>3</bodyFacing>
              <tickDuration>40</tickDuration>
            </li>
            <li>
              <bodyAngle>-0</bodyAngle>
              <headAngle>-0.751777</headAngle>
              <headBob>-0.002017626</headBob>
              <bodyOffsetX>0.444207281</bodyOffsetX>
              <bodyOffsetZ>-0.0655888</bodyOffsetZ>
              <headFacing>3</headFacing>
              <bodyFacing>3</bodyFacing>
              <tickDuration>60</tickDuration>
            </li>
            <li>
              <bodyAngle>-0</bodyAngle>
              <headAngle>-11.9880228</headAngle>
              <headBob>-0.004835519</headBob>
              <bodyOffsetX>0.444207281</bodyOffsetX>
              <bodyOffsetZ>-0.0655888</bodyOffsetZ>
              <headFacing>3</headFacing>
              <bodyFacing>3</bodyFacing>
              <tickDuration>60</tickDuration>
            </li>
            <li>
              <bodyAngle>-0</bodyAngle>
              <headAngle>-11.9880228</headAngle>
              <headBob>-0.004835519</headBob>
              <bodyOffsetX>0.444207281</bodyOffsetX>
              <bodyOffsetZ>-0.0655888</bodyOffsetZ>
              <headFacing>3</headFacing>
              <bodyFacing>3</bodyFacing>
              <tickDuration>40</tickDuration>
            </li>
            <li>
              <bodyAngle>1.0335083</bodyAngle>
              <headAngle>-2.009011</headAngle>
              <headBob>-0.009440955</headBob>
              <bodyOffsetX>0.3249118</bodyOffsetX>
              <bodyOffsetZ>-0.07492306</bodyOffsetZ>
              <headFacing>3</headFacing>
              <bodyFacing>3</bodyFacing>
              <tickDuration>1</tickDuration>
            </li>
          </keyframes>
        </li>
      </animationClips>
    </li>
    <li>
      <stageName>Kissing</stageName>
      <stageIndex>0</stageIndex>
      <playTimeTicks>1000</playTimeTicks>
      <isLooping>true</isLooping>
      <animationClips>
        <li Class="Rimworld_Animations.PawnAnimationClip">
          <layer>LayingPawn</layer>
          <keyframes>
            <li>
              <bodyAngle>-2.944619</bodyAngle>
              <headAngle>-9.630737</headAngle>
              <headBob>-0.0299702063</headBob>
              <bodyOffsetX>-0.219330385</bodyOffsetX>
              <bodyOffsetZ>-0.0280078556</bodyOffsetZ>
              <headFacing>1</headFacing>
              <bodyFacing>1</bodyFacing>
              <tickDuration>25</tickDuration>
            </li>
            <li>
              <bodyAngle>-2.944619</bodyAngle>
              <headAngle>-22.1873245</headAngle>
              <headBob>-0.03345155</headBob>
              <bodyOffsetX>-0.219330385</bodyOffsetX>
              <bodyOffsetZ>-0.0280078556</bodyOffsetZ>
              <headFacing>1</headFacing>
              <bodyFacing>1</bodyFacing>
              <tickDuration>25</tickDuration>
            </li>
            <li>
              <bodyAngle>-11.2243986</bodyAngle>
              <headAngle>-19.2386341</headAngle>
              <headBob>-0.0287531484</headBob>
              <bodyOffsetX>-0.255971938</bodyOffsetX>
              <bodyOffsetZ>-0.0384768657</bodyOffsetZ>
              <headFacing>1</headFacing>
              <bodyFacing>1</bodyFacing>
              <tickDuration>25</tickDuration>
            </li>
            <li>
              <bodyAngle>-11.2243986</bodyAngle>
              <headAngle>-24.9615726</headAngle>
              <headBob>-0.0246070959</headBob>
              <bodyOffsetX>-0.255971938</bodyOffsetX>
              <bodyOffsetZ>-0.0384768657</bodyOffsetZ>
              <headFacing>1</headFacing>
              <bodyFacing>1</bodyFacing>
              <tickDuration>25</tickDuration>
            </li>
            <li>
              <bodyAngle>-2.944619</bodyAngle>
              <headAngle>-9.630737</headAngle>
              <headBob>-0.0299702063</headBob>
              <bodyOffsetX>-0.219330385</bodyOffsetX>
              <bodyOffsetZ>-0.0280078556</bodyOffsetZ>
              <headFacing>1</headFacing>
              <bodyFacing>1</bodyFacing>
              <tickDuration>1</tickDuration>
            </li>
          </keyframes>
        </li>
        <li Class="Rimworld_Animations.PawnAnimationClip">
          <layer>Pawn</layer>
          <keyframes>
            <li>
              <bodyAngle>1.0335083</bodyAngle>
              <headAngle>-2.009011</headAngle>
              <headBob>-0.009440955</headBob>
              <bodyOffsetX>0.3249118</bodyOffsetX>
              <bodyOffsetZ>-0.07492306</bodyOffsetZ>
              <headFacing>3</headFacing>
              <bodyFacing>3</bodyFacing>
              <tickDuration>25</tickDuration>
            </li>
            <li>
              <bodyAngle>1.0335083</bodyAngle>
              <headAngle>8.428741</headAngle>
              <headBob>0.00144997484</headBob>
              <bodyOffsetX>0.3249118</bodyOffsetX>
              <bodyOffsetZ>-0.07492306</bodyOffsetZ>
              <headFacing>3</headFacing>
              <bodyFacing>3</bodyFacing>
              <tickDuration>25</tickDuration>
            </li>
            <li>
              <bodyAngle>-3.909071</bodyAngle>
              <headAngle>-5.302416</headAngle>
              <headBob>-0.008589524</headBob>
              <bodyOffsetX>0.277801245</bodyOffsetX>
              <bodyOffsetZ>-0.0592195541</bodyOffsetZ>
              <headFacing>3</headFacing>
              <bodyFacing>3</bodyFacing>
              <tickDuration>25</tickDuration>
            </li>
            <li>
              <bodyAngle>-3.909071</bodyAngle>
              <headAngle>0.0739135742</headAngle>
              <headBob>-0.0127528869</headBob>
              <bodyOffsetX>0.277801245</bodyOffsetX>
              <bodyOffsetZ>-0.0592195541</bodyOffsetZ>
              <headFacing>3</headFacing>
              <bodyFacing>3</bodyFacing>
              <tickDuration>25</tickDuration>
            </li>
            <li>
              <bodyAngle>1.0335083</bodyAngle>
              <headAngle>-2.009011</headAngle>
              <headBob>-0.009440955</headBob>
              <bodyOffsetX>0.3249118</bodyOffsetX>
              <bodyOffsetZ>-0.07492306</bodyOffsetZ>
              <headFacing>3</headFacing>
              <bodyFacing>3</bodyFacing>
              <tickDuration>1</tickDuration>
            </li>
          </keyframes>
        </li>
      </animationClips>
    </li>
    <li>
      <stageName>Embrace</stageName>
      <stageIndex>0</stageIndex>
      <playTimeTicks>101</playTimeTicks>
      <isLooping>true</isLooping>
      <animationClips>
        <li Class="Rimworld_Animations.PawnAnimationClip">
          <layer>LayingPawn</layer>
          <keyframes>
            <li>
              <bodyAngle>-2.944619</bodyAngle>
              <headAngle>-9.630737</headAngle>
              <headBob>-0.0299702063</headBob>
              <bodyOffsetX>-0.219330385</bodyOffsetX>
              <bodyOffsetZ>-0.0280078556</bodyOffsetZ>
              <headFacing>1</headFacing>
              <bodyFacing>1</bodyFacing>
              <tickDuration>39</tickDuration>
            </li>
            <li>
              <bodyAngle>-2.944619</bodyAngle>
              <headAngle>-3.38927</headAngle>
              <headBob>-0.009830201</headBob>
              <bodyOffsetX>-0.219330385</bodyOffsetX>
              <bodyOffsetZ>-0.0280078556</bodyOffsetZ>
              <headFacing>1</headFacing>
              <bodyFacing>1</bodyFacing>
              <tickDuration>1</tickDuration>
            </li>
            <li>
              <bodyAngle>-2.944619</bodyAngle>
              <headAngle>-2.848157</headAngle>
              <headBob>-0.008845112</headBob>
              <bodyOffsetX>-0.219330385</bodyOffsetX>
              <bodyOffsetZ>-0.0280078556</bodyOffsetZ>
              <headFacing>2</headFacing>
              <bodyFacing>1</bodyFacing>
              <tickDuration>19</tickDuration>
            </li>
            <li>
              <bodyAngle>-2.944619</bodyAngle>
              <headAngle>-2.848157</headAngle>
              <headBob>-0.008845112</headBob>
              <bodyOffsetX>-0.219330385</bodyOffsetX>
              <bodyOffsetZ>-0.0280078556</bodyOffsetZ>
              <headFacing>2</headFacing>
              <bodyFacing>1</bodyFacing>
              <tickDuration>1</tickDuration>
            </li>
            <li>
              <bodyAngle>-2.944619</bodyAngle>
              <headAngle>-2.848157</headAngle>
              <headBob>-0.008845112</headBob>
              <bodyOffsetX>-0.219330385</bodyOffsetX>
              <bodyOffsetZ>-0.0280078556</bodyOffsetZ>
              <headFacing>2</headFacing>
              <bodyFacing>1</bodyFacing>
              <tickDuration>40</tickDuration>
            </li>
            <li>
              <bodyAngle>8.577515</bodyAngle>
              <headAngle>13.3852539</headAngle>
              <headBob>-0.0198105164</headBob>
              <bodyOffsetX>-0.0622952171</bodyOffsetX>
              <bodyOffsetZ>-0.0541803837</bodyOffsetZ>
              <headFacing>2</headFacing>
              <bodyFacing>1</bodyFacing>
              <tickDuration>1</tickDuration>
            </li>
          </keyframes>
        </li>
        <li Class="Rimworld_Animations.PawnAnimationClip">
          <layer>Pawn</layer>
          <keyframes>
            <li>
              <bodyAngle>1.0335083</bodyAngle>
              <headAngle>-2.009011</headAngle>
              <headBob>-0.009440955</headBob>
              <bodyOffsetX>0.3249118</bodyOffsetX>
              <bodyOffsetZ>-0.07492306</bodyOffsetZ>
              <headFacing>3</headFacing>
              <bodyFacing>3</bodyFacing>
              <tickDuration>39</tickDuration>
            </li>
            <li>
              <bodyAngle>1.0335083</bodyAngle>
              <headAngle>-2.009011</headAngle>
              <headBob>-0.009440955</headBob>
              <bodyOffsetX>0.3249118</bodyOffsetX>
              <bodyOffsetZ>-0.07492306</bodyOffsetZ>
              <headFacing>3</headFacing>
              <bodyFacing>3</bodyFacing>
              <tickDuration>1</tickDuration>
            </li>
            <li>
              <bodyAngle>1.0335083</bodyAngle>
              <headAngle>-2.009011</headAngle>
              <headBob>-0.009440955</headBob>
              <bodyOffsetX>0.3249118</bodyOffsetX>
              <bodyOffsetZ>-0.07492306</bodyOffsetZ>
              <headFacing>3</headFacing>
              <bodyFacing>3</bodyFacing>
              <tickDuration>19</tickDuration>
            </li>
            <li>
              <bodyAngle>1.0335083</bodyAngle>
              <headAngle>-12.600172</headAngle>
              <headBob>0.0292207245</headBob>
              <bodyOffsetX>0.3249118</bodyOffsetX>
              <bodyOffsetZ>-0.07492306</bodyOffsetZ>
              <headFacing>3</headFacing>
              <bodyFacing>3</bodyFacing>
              <tickDuration>1</tickDuration>
            </li>
            <li>
              <bodyAngle>1.0335083</bodyAngle>
              <headAngle>-13.0572</headAngle>
              <headBob>0.031393975</headBob>
              <bodyOffsetX>0.3249118</bodyOffsetX>
              <bodyOffsetZ>-0.07492306</bodyOffsetZ>
              <headFacing>0</headFacing>
              <bodyFacing>3</bodyFacing>
              <tickDuration>40</tickDuration>
            </li>
            <li>
              <bodyAngle>-11.6111374</bodyAngle>
              <headAngle>-22.1977558</headAngle>
              <headBob>0.009222838</headBob>
              <bodyOffsetX>0.136469573</bodyOffsetX>
              <bodyOffsetZ>-0.069688566</bodyOffsetZ>
              <headFacing>0</headFacing>
              <bodyFacing>3</bodyFacing>
              <tickDuration>1</tickDuration>
            </li>
          </keyframes>
        </li>
      </animationClips>
    </li>
    <li>
      <stageName>Makeout</stageName>
      <stageIndex>0</stageIndex>
      <playTimeTicks>1000</playTimeTicks>
      <isLooping>true</isLooping>
      <animationClips>
        <li Class="Rimworld_Animations.PawnAnimationClip">
          <layer>LayingPawn</layer>
          <keyframes>
            <li>
              <bodyAngle>8.577515</bodyAngle>
              <headAngle>13.3852539</headAngle>
              <headBob>-0.0198105164</headBob>
              <bodyOffsetX>-0.0622952171</bodyOffsetX>
              <bodyOffsetZ>-0.0541803837</bodyOffsetZ>
              <headFacing>2</headFacing>
              <bodyFacing>1</bodyFacing>
              <tickDuration>25</tickDuration>
            </li>
            <li>
              <bodyAngle>8.585175</bodyAngle>
              <headAngle>2.59625244</headAngle>
              <headBob>-0.0352121554</headBob>
              <bodyOffsetX>-0.05967797</bodyOffsetX>
              <bodyOffsetZ>-0.0437113754</bodyOffsetZ>
              <headFacing>2</headFacing>
              <bodyFacing>1</bodyFacing>
              <tickDuration>25</tickDuration>
            </li>
            <li>
              <bodyAngle>6.897461</bodyAngle>
              <headAngle>27.5414124</headAngle>
              <headBob>-0.0262919981</headBob>
              <bodyOffsetX>-0.077998735</bodyOffsetX>
              <bodyOffsetZ>-0.0437113754</bodyOffsetZ>
              <headFacing>2</headFacing>
              <bodyFacing>1</bodyFacing>
              <tickDuration>28</tickDuration>
            </li>
            <li>
              <bodyAngle>12.8721313</bodyAngle>
              <headAngle>17.073822</headAngle>
              <headBob>-0.0224302262</headBob>
              <bodyOffsetX>-0.0587357469</bodyOffsetX>
              <bodyOffsetZ>-0.04957402</bodyOffsetZ>
              <headFacing>2</headFacing>
              <bodyFacing>1</bodyFacing>
              <tickDuration>22</tickDuration>
            </li>
            <li>
              <bodyAngle>8.577515</bodyAngle>
              <headAngle>13.3852539</headAngle>
              <headBob>-0.0198105164</headBob>
              <bodyOffsetX>-0.0622952171</bodyOffsetX>
              <bodyOffsetZ>-0.0541803837</bodyOffsetZ>
              <headFacing>2</headFacing>
              <bodyFacing>1</bodyFacing>
              <tickDuration>1</tickDuration>
            </li>
          </keyframes>
        </li>
        <li Class="Rimworld_Animations.PawnAnimationClip">
          <layer>Pawn</layer>
          <keyframes>
            <li>
              <bodyAngle>-11.6111374</bodyAngle>
              <headAngle>-22.1977558</headAngle>
              <headBob>0.009222838</headBob>
              <bodyOffsetX>0.136469573</bodyOffsetX>
              <bodyOffsetZ>-0.069688566</bodyOffsetZ>
              <headFacing>0</headFacing>
              <bodyFacing>3</bodyFacing>
              <tickDuration>25</tickDuration>
            </li>
            <li>
              <bodyAngle>-10.04541</bodyAngle>
              <headAngle>-22.0435982</headAngle>
              <headBob>0.000256710278</headBob>
              <bodyOffsetX>0.128617823</bodyOffsetX>
              <bodyOffsetZ>-0.06707131</bodyOffsetZ>
              <headFacing>0</headFacing>
              <bodyFacing>3</bodyFacing>
              <tickDuration>25</tickDuration>
            </li>
            <li>
              <bodyAngle>-11.89342</bodyAngle>
              <headAngle>-35.6123543</headAngle>
              <headBob>1.58759831E-05</headBob>
              <bodyOffsetX>0.141704082</bodyOffsetX>
              <bodyOffsetZ>-0.06445406</bodyOffsetZ>
              <headFacing>0</headFacing>
              <bodyFacing>3</bodyFacing>
              <tickDuration>28</tickDuration>
            </li>
            <li>
              <bodyAngle>-11.1554832</bodyAngle>
              <headAngle>-35.6123543</headAngle>
              <headBob>-0.00542642828</headBob>
              <bodyOffsetX>0.133538246</bodyOffsetX>
              <bodyOffsetZ>-0.062150877</bodyOffsetZ>
              <headFacing>0</headFacing>
              <bodyFacing>3</bodyFacing>
              <tickDuration>22</tickDuration>
            </li>
            <li>
              <bodyAngle>-11.6111374</bodyAngle>
              <headAngle>-22.1977558</headAngle>
              <headBob>0.009222838</headBob>
              <bodyOffsetX>0.136469573</bodyOffsetX>
              <bodyOffsetZ>-0.069688566</bodyOffsetZ>
              <headFacing>0</headFacing>
              <bodyFacing>3</bodyFacing>
              <tickDuration>1</tickDuration>
            </li>
          </keyframes>
        </li>
      </animationClips>
    </li>
  </animationStages>
</Rimworld_Animations.AnimationDef>
   
<!--
  _   _                             _                 _   _                   _       __ 
 | \ | |                           (_)               | | (_)                 | |     / _|
 |  \| | _____      __   __ _ _ __  _ _ __ ___   __ _| |_ _  ___  _ __     __| | ___| |_ 
 | . ` |/ _ \ \ /\ / /  / _` | '_ \| | '_ ` _ \ / _` | __| |/ _ \| '_ \   / _` |/ _ \  _|
 | |\  |  __/\ V  V /  | (_| | | | | | | | | | | (_| | |_| | (_) | | | | | (_| |  __/ |  
 |_| \_|\___| \_/\_/    \__,_|_| |_|_|_| |_| |_|\__,_|\__|_|\___/|_| |_|  \__,_|\___|_|  
-->
</Defs>
