<?xml version="1.0" encoding="utf-8" ?>
<Defs>
<!--
  _   _                             _                 _   _                   _       __ 
 | \ | |                           (_)               | | (_)                 | |     / _|
 |  \| | _____      __   __ _ _ __  _ _ __ ___   __ _| |_ _  ___  _ __     __| | ___| |_ 
 | . ` |/ _ \ \ /\ / /  / _` | '_ \| | '_ ` _ \ / _` | __| |/ _ \| '_ \   / _` |/ _ \  _|
 | |\  |  __/\ V  V /  | (_| | | | | | | | | | | (_| | |_| | (_) | | | | | (_| |  __/ |  
 |_| \_|\___| \_/\_/    \__,_|_| |_|_|_| |_| |_|\__,_|\__|_|\___/|_| |_|  \__,_|\___|_|  
-->
  <Rimworld_Animations.AnimationDef>
    <defName>AngleTest</defName>
    <label>AngleTest</label>
    <sounds>true</sounds>
    <sexTypes>
      <li>Vaginal</li>
      <li>Anal</li>
	  <li>Oral</li>
    </sexTypes>
    <actors>
      <li>
        <defNames>
          <li>Human</li>
        </defNames>
		<controlGenitalAngle>true</controlGenitalAngle>
      </li>
      <li>
        <defNames>
          <li>Human</li>
        </defNames>
		<controlGenitalAngle>true</controlGenitalAngle>
        <initiator>true</initiator>
      </li>
    </actors>
	
	<animationStages>
    <li>
      <stageName>Start</stageName>
      <stageIndex>0</stageIndex>
      <playTimeTicks>2000</playTimeTicks>
      <isLooping>true</isLooping>
      <animationClips>
        <li Class="Rimworld_Animations.PawnAnimationClip">
          <layer>Pawn</layer>
          <keyframes>
            <li>
              <bodyAngle>-0</bodyAngle>
              <headAngle>-0</headAngle>
              <headBob>-0.0260274541</headBob>
              <bodyOffsetX>-0.24052465</bodyOffsetX>
              <bodyOffsetZ>-0.0364269875</bodyOffsetZ>
              <headFacing>1</headFacing>
              <bodyFacing>1</bodyFacing>
              <tickDuration>50</tickDuration>
			  <genitalAngle>0</genitalAngle>
            </li>
            <li>
              <bodyAngle>-0</bodyAngle>
              <headAngle>-0</headAngle>
              <headBob>-0.0260274541</headBob>
              <bodyOffsetX>-0.24052465</bodyOffsetX>
              <bodyOffsetZ>-0.0364269875</bodyOffsetZ>
              <headFacing>1</headFacing>
              <bodyFacing>1</bodyFacing>
              <tickDuration>50</tickDuration>
			  <genitalAngle>-30</genitalAngle>
            </li>
            <li>
              <bodyAngle>-0</bodyAngle>
              <headAngle>-0</headAngle>
              <headBob>-0.0260274541</headBob>
              <bodyOffsetX>-0.24052465</bodyOffsetX>
              <bodyOffsetZ>-0.0364269875</bodyOffsetZ>
              <headFacing>1</headFacing>
              <bodyFacing>1</bodyFacing>
              <tickDuration>50</tickDuration>
			  <genitalAngle>0</genitalAngle>
            </li>
            <li>
              <bodyAngle>-0</bodyAngle>
              <headAngle>-0</headAngle>
              <headBob>-0.0260274541</headBob>
              <bodyOffsetX>-0.24052465</bodyOffsetX>
              <bodyOffsetZ>-0.0364269875</bodyOffsetZ>
              <headFacing>1</headFacing>
              <bodyFacing>1</bodyFacing>
              <tickDuration>50</tickDuration>
			  <genitalAngle>30</genitalAngle>
            </li>
            <li>
              <bodyAngle>-0</bodyAngle>
              <headAngle>-0</headAngle>
              <headBob>-0.0260274541</headBob>
              <bodyOffsetX>-0.24052465</bodyOffsetX>
              <bodyOffsetZ>-0.0364269875</bodyOffsetZ>
              <headFacing>1</headFacing>
              <bodyFacing>1</bodyFacing>
              <tickDuration>50</tickDuration>
			  <genitalAngle>0</genitalAngle>
            </li>
            <li>
              <bodyAngle>-0</bodyAngle>
              <headAngle>-0</headAngle>
              <headBob>-0.0260274541</headBob>
              <bodyOffsetX>-0.24052465</bodyOffsetX>
              <bodyOffsetZ>-0.0364269875</bodyOffsetZ>
              <headFacing>1</headFacing>
              <bodyFacing>1</bodyFacing>
              <tickDuration>50</tickDuration>
			  <genitalAngle>60</genitalAngle>
            </li>
            <li>
              <bodyAngle>-0</bodyAngle>
              <headAngle>-0</headAngle>
              <headBob>-0.0260274541</headBob>
              <bodyOffsetX>-0.24052465</bodyOffsetX>
              <bodyOffsetZ>-0.0364269875</bodyOffsetZ>
              <headFacing>1</headFacing>
              <bodyFacing>1</bodyFacing>
              <tickDuration>1</tickDuration>
			  <genitalAngle>0</genitalAngle>
            </li>
          </keyframes>
        </li>
        <li Class="Rimworld_Animations.PawnAnimationClip">
          <layer>Pawn</layer>
          <keyframes>
            <li>
              <bodyAngle>-0</bodyAngle>
              <headAngle>-9.663996</headAngle>
              <headBob>-0.004835519</headBob>
              <bodyOffsetX>0.444207281</bodyOffsetX>
              <bodyOffsetZ>-0.0655888</bodyOffsetZ>
              <headFacing>3</headFacing>
              <bodyFacing>3</bodyFacing>
              <tickDuration>50</tickDuration>
			  <genitalAngle>0</genitalAngle>
            </li>
            <li>
              <bodyAngle>-0</bodyAngle>
              <headAngle>-9.663996</headAngle>
              <headBob>-0.004835519</headBob>
              <bodyOffsetX>0.444207281</bodyOffsetX>
              <bodyOffsetZ>-0.0655888</bodyOffsetZ>
              <headFacing>3</headFacing>
              <bodyFacing>3</bodyFacing>
              <tickDuration>50</tickDuration>
			  <genitalAngle>-30</genitalAngle>
            </li>
            <li>
              <bodyAngle>-0</bodyAngle>
              <headAngle>-9.663996</headAngle>
              <headBob>-0.004835519</headBob>
              <bodyOffsetX>0.444207281</bodyOffsetX>
              <bodyOffsetZ>-0.0655888</bodyOffsetZ>
              <headFacing>3</headFacing>
              <bodyFacing>3</bodyFacing>
              <tickDuration>50</tickDuration>
			  <genitalAngle>0</genitalAngle>
            </li>
            <li>
              <bodyAngle>-0</bodyAngle>
              <headAngle>-9.663996</headAngle>
              <headBob>-0.004835519</headBob>
              <bodyOffsetX>0.444207281</bodyOffsetX>
              <bodyOffsetZ>-0.0655888</bodyOffsetZ>
              <headFacing>3</headFacing>
              <bodyFacing>3</bodyFacing>
              <tickDuration>50</tickDuration>
			  <genitalAngle>30</genitalAngle>
            </li>
            <li>
              <bodyAngle>-0</bodyAngle>
              <headAngle>-9.663996</headAngle>
              <headBob>-0.004835519</headBob>
              <bodyOffsetX>0.444207281</bodyOffsetX>
              <bodyOffsetZ>-0.0655888</bodyOffsetZ>
              <headFacing>3</headFacing>
              <bodyFacing>3</bodyFacing>
              <tickDuration>50</tickDuration>
			  <genitalAngle>0</genitalAngle>
            </li>
            <li>
              <bodyAngle>-0</bodyAngle>
              <headAngle>-9.663996</headAngle>
              <headBob>-0.004835519</headBob>
              <bodyOffsetX>0.444207281</bodyOffsetX>
              <bodyOffsetZ>-0.0655888</bodyOffsetZ>
              <headFacing>3</headFacing>
              <bodyFacing>3</bodyFacing>
              <tickDuration>50</tickDuration>
			  <genitalAngle>60</genitalAngle>
            </li>
            <li>
              <bodyAngle>-0</bodyAngle>
              <headAngle>-9.663996</headAngle>
              <headBob>-0.004835519</headBob>
              <bodyOffsetX>0.444207281</bodyOffsetX>
              <bodyOffsetZ>-0.0655888</bodyOffsetZ>
              <headFacing>3</headFacing>
              <bodyFacing>3</bodyFacing>
              <tickDuration>1</tickDuration>
			  <genitalAngle>0</genitalAngle>
            </li>
          </keyframes>
        </li>
      </animationClips>
    </li>
  </animationStages>
</Rimworld_Animations.AnimationDef>
   
<!--
  _   _                             _                 _   _                   _       __ 
 | \ | |                           (_)               | | (_)                 | |     / _|
 |  \| | _____      __   __ _ _ __  _ _ __ ___   __ _| |_ _  ___  _ __     __| | ___| |_ 
 | . ` |/ _ \ \ /\ / /  / _` | '_ \| | '_ ` _ \ / _` | __| |/ _ \| '_ \   / _` |/ _ \  _|
 | |\  |  __/\ V  V /  | (_| | | | | | | | | | | (_| | |_| | (_) | | | | | (_| |  __/ |  
 |_| \_|\___| \_/\_/    \__,_|_| |_|_|_| |_| |_|\__,_|\__|_|\___/|_| |_|  \__,_|\___|_|  
-->
</Defs>
